"Taxa","weight","B11","Na23","Mg25","Al27","P31","S34","K39","Ca43","Mn55","Fe57","Co59","Ni60","Cu65","Zn66","As75","Se82","Rb85","Sr88","Mo98","Cd111"
"4722",1.17388178710906,2.59109902580876,2.79680199453891,3.35667132035524,1.69094616876026,1.10785720580377,4.32750216315991,2.24803825093063,3.72866386899218,4.30426712030069,1.85846723418519,4.10206742024467,5.61785279863,0.51029678693553,3.10304375165297,4.90899514969237,4.08514195361673,3.04636937987586,3.65508940792441,2.4336452439123,3.78307750815577
"33-16",3.55016534068691,1.49781106288397,3.05491387058228,1.59874068383986,2.77902920948649,3.08927348311344,4.55982313901982,2.1704674161098,4.13514272981476,1.3575470424043,1.10142725308895,6.29967798933185,2.7015500482436,3.43058529139896,1.33099331287697,1.90725698916582,0.334086273156137,3.40959902611021,3.48822593391075,1.30872071746283,3.76535475103771
"A188",2.80968914652416,2.28788017071756,2.67646758731289,3.58450466249732,2.83511622174267,2.88788894153392,4.31562545957927,3.0964108908862,4.35416236383923,3.9798401247968,3.43168782588442,7.82067802918759,3.9931601063172,4.53838117563647,3.63509227649937,3.45273839598361,1.98218853999631,2.73754105559892,3.75725506416153,2.48241247579731,3.18819362763482
"A272",1.29495770625502,3.7351646803257,3.96879198557178,3.87808739113814,2.92745058682253,4.73869080069,6.00701798337592,3.28633951171696,4.03934699102157,0.979582254133209,3.60421655967058,5.59251272959698,5.49251799336333,4.03441635827017,3.56361318668409,4.56694543242759,3.99380258709159,2.42826563788193,3.8461721758949,3.8465126147555,4.87789602833438
"A441-5",4.67629061354168,2.56111288158243,0.962196480083297,3.94567656503731,1.02851920511154,3.07985339950054,3.20320954149239,0.868985218019161,3.11439369790861,2.611473247776,2.37238035550442,6.9361182537817,2.18081514537723,1.42463368042394,1.799684402987,2.10596603656851,2.17611189877644,2.35751243980586,2.7127279754895,4.18861191530909,0.001
"A554",0.521826075425751,4.3265493329225,2.53587767752268,6.29111340389304,3.86690300693159,6.26611393462873,6.83346174776097,4.72705608283023,5.7944800278147,4.64204318348189,3.90582430958776,6.78022718050801,4.99810057863737,4.59554792637579,4.52189758425976,5.53131345549362,5.23269556217431,3.09823679432313,5.74326419640629,4.26656045519406,4.14784605865672
"A556",0.540558879513621,2.11783469369008,2.99062556848318,2.16872903276937,2.41064168045294,1.99199465018308,3.57708619067788,2.62330141483493,4.70921445279977,2.24211019801931,2.36603701436864,7.86386462512841,4.96899015655184,2.72310950628001,2.39127358234952,4.85989961059173,4.92755958594241,2.28175643945955,5.37572822705475,3.4563054830816,4.15116118298287
"A6",3.49892613092913,1.7345875386299,1.99222912643272,1.63418867295639,1.82708254941002,2.06304146811553,2.6920690765263,2.52863834410923,0.001,2.06481234095224,0.402940586644548,4.35147431746134,2.10468052345729,2.35606350597112,0.701537507038402,2.86670812127577,1.13306128319501,1.9389921091238,0.001,2.51334781066044,2.46285464998335
"A632",1.67455926397908,2.95547690389781,1.83172301392829,2.32236137545207,3.16730924346244,3.11763367533662,4.85267647841076,2.18506752935774,4.60564651282323,3.67606920634347,0.84676527119652,6.57869349164126,3.19071228046288,1.55793896807582,1.49501401113587,4.34188722798997,3.01655112699354,4.00231981952235,3.68983441677474,2.64966144563769,4.79310498216664
"A634",1.56302132861657,3.27149320569364,3.37843678428911,4.28298127315875,1.76789855515172,5.08095719078248,4.28818704888601,3.49836647771379,4.35708362968276,3.6246905724129,2.58766899615104,5.61869726578178,5.04887089831397,4.0695642157743,2.62696833437297,4.61762215902117,3.86397704029057,3.94484443303956,4.51524079886813,3.36752049222294,5.28863511568534
"A641",1.10693157281323,2.79257611720583,2.23811065205144,3.65572015836239,2.34749473680311,3.74452258471257,4.52617599999387,3.96381411703051,3.71039525726601,2.83570408913802,2.07296854648457,4.87741391142773,5.24944862853573,3.36316945967048,1.94269998040989,4.68501001541396,3.73269917365899,3.26598806826772,3.9422894329102,3.75645390024438,3.70255824195262
"A654",0.512850879747935,3.48536119938751,3.76424038834388,3.8753022010815,3.80675709360942,3.52570931221356,4.18701254986822,3.68344492490777,3.33837060169574,3.17879865489511,5.0522502948635,9.19164685958989,5.80301547605724,3.39134174178185,2.84327508639566,5.18999759180702,4.81290227457265,4.62585464249448,3.9194396070201,2.92366163968701,4.34830737141486
"A659",2.69787275851008,0.910148669905056,2.1899936277167,3.36638744060434,1.36081981591761,3.72929382903982,3.38600970106594,2.75897106851533,3.94483740690601,5.13545935578344,1.04190486881962,6.59670263672469,3.79518564534497,1.78136370608939,0.735854130026997,2.40000273769085,1.65350356591338,3.14472911631592,4.30510988169819,3.26189969422315,2.28605402768612
"A679",4.20042679760831,0.559115918844294,1.62145122924307,2.72560806599567,1.13439666453592,2.57315130367031,4.49994791201118,1.6426560274964,1.92925265265698,2.93547671862004,1.36358689780026,5.22216621325895,2.11205621825901,1.46280254030322,1.50719417721698,1.84646577821569,0.273200255924092,2.28737554118972,2.1210450042781,3.65761770394489,2.40318316710045
"A680",2.66316618470591,2.37626037145735,1.34099412698868,2.30604124957015,0.001,2.53539151874177,4.90535895301013,3.49705111486973,3.18571856232589,2.99950889238881,0.541677961819717,5.35544707162966,4.53090225756642,1.76137574297724,1.45942857469089,2.92088037015252,2.8547260698266,4.06290184920383,3.04240379520425,2.19982640232979,1.91743546521809
"AB28A",2.51180559830013,1.61796666592433,3.17029951450495,1.97654546665076,1.4408057618299,1.73812858898596,3.02717414143738,1.21671182188708,3.9561925632968,2.65745604090575,0.89518385957156,3.64843519750127,3.2110370847565,3.22313532727823,2.3878062726141,3.24927959118039,2.73087675783132,2.14743506382498,3.52278991520887,0.879871983106693,2.34713580151384
"B10",3.22954672174219,0.763655109389131,1.42203159748403,3.73927250402685,0.634473819121949,2.67433196332952,4.0879703541627,2.00761214212092,3.48049397626697,2.86641535433555,1.26107414234236,7.33925266361766,3.7684338582689,3.25177422350797,1.23943314733117,3.80820206601404,2.1440927852122,3.16910299707399,3.41611822759687,1.72694763036926,4.60011248824774
"B104",3.46102127350021,1.6439846725371,1.10447052899376,2.59856871766364,1.76288869625193,1.7718454010182,2.02869091422299,2.11986820445624,3.10111872884118,1.91014901536153,1.27531405202633,6.23440225028865,3.29908840685359,2.20261571805779,1.79923811835154,2.54245756092265,2.48851221508092,3.25825220797833,2.40447450897737,2.44498593747622,3.91796882665601
"B105",1.15726875285464,2.89117278043786,2.36036913330675,4.49173375229069,2.02435177776667,3.49202107389025,5.3813265518871,4.14955051512764,5.02448679913753,4.57925355793455,1.70466191105098,5.57044115193548,5.49559566458911,2.5306998535262,3.03521634328936,5.26754787737891,3.47377373366634,4.72269354583105,5.0356673959164,3.80111157570907,3.51877656298664
"B109",2.2375160099615,2.18204437061085,3.18240637499051,1.87048698671694,2.20744259754772,2.43989055112084,5.00051954374803,4.01408641743127,3.1666541870461,1.79314606951099,1.57989647085343,5.89343900922363,3.81447975479376,2.23035430242547,1.71233472437421,3.57751039651164,2.71984373611233,3.78494805715042,3.02299905891473,2.64603240715029,3.40947099331964
"B115",3.10570784635632,0.95215533642623,1.02290826845608,4.05854256086668,1.64345438674073,3.3708914503218,5.16425121063283,1.66483663128433,1.55859323249988,3.15084256037242,1.67173238241,6.9285533803703,4.07351591513986,1.90422169946671,3.10031029370482,3.08135833838178,3.06260238938283,2.79348086139003,1.65190985382234,2.39130625996754,4.45605494854608
"B14A",1.61989430223329,3.5355029858022,2.06074656164438,3.62370850537479,1.54410336040158,3.86290542630866,5.2919338857723,3.06005047313571,4.30120853059455,4.16535635437424,1.79191574772847,5.84155918679108,4.29702261943615,2.77302115886422,1.04495712596197,4.37495088564848,3.6045709497915,3.34181683456694,3.96581713996541,3.2418575673694,3.6079700553292
"B37",2.33438615776227,1.99335640800776,2.17205296041012,4.09130178047308,1.59077384606574,1.99485859212965,3.88411325421571,1.48555678550342,3.89145591134876,4.35990851694605,1.79365387331486,3.55258031663443,3.37557478612072,2.07374011316456,1.13424772013176,3.58608161686562,1.43249824349836,0.001,3.46852996205379,3.3175932471212,4.00804874697
"B46",2.96924447680969,1.76299727254119,2.96961357520784,2.20827334243944,1.61809431624506,2.90916855240795,2.65457437653699,1.99277169153062,4.07982866466467,2.02679803762414,2.32020211821159,6.68806960715158,4.03619444050985,2.43786466313116,2.02319536802089,3.42726334472428,2.25538639125761,3.30266153988633,3.94532813878018,3.15863193269361,3.11988344804318
"B52",2.02767252298871,2.34629488859168,2.23670355969229,2.41067132029619,3.1888411719919,2.3994323139537,5.01711309342365,2.83699289384583,2.58169790784651,2.48628101432704,3.83080117355154,6.54696572821241,4.46318396854993,2.7265027638474,3.24108727194925,4.1781504451931,2.94370749190477,2.51907324588507,2.25603249881724,4.82994625677118,3.67881272772743
"B57",2.56854522839356,2.99431209745147,3.80569637664567,3.00824311209475,2.67401207294702,2.86754823433683,4.11459546707696,4.01348450951016,3.65765461523867,3.00433069280588,2.85715168139334,7.11293505750771,3.75943656088579,3.55870726885775,2.25958481539241,3.70066492764764,2.31431248313343,3.85392238525915,3.45902028669061,3.5102876831545,2.85865386913765
"B64",3.00407655040048,3.66215195303862,2.03092896618515,3.00363601538174,0.116205508886414,3.64853126012863,4.85175061454654,1.03638874539974,3.52681915284894,3.56344183232812,0.711981117335595,3.30006083895006,3.57367392593276,2.49293906935327,2.71117506250912,3.04438793900412,2.65538244639741,1.80476576225258,3.83559356167292,1.97313451391212,2.3805761112906
"B68",2.851798246805,2.04255040407886,2.48236414018692,2.57423904734985,0.997850489199818,3.83275761729061,4.69530664462589,3.0157082759377,1.91069281273388,3.24693792991091,0.312001724725376,4.63949002790096,3.22782920849116,1.38738885265879,0.001,3.23748657945977,2.34898090765596,4.14113181751218,1.40635458034464,3.55585165730923,3.36393342676733
"B73",2.90605270031749,2.47321624758458,2.75636898744922,1.61790586574837,1.84692776479418,2.21879006888741,3.95713604700933,2.87023734622591,3.13827488717292,2.21357209089915,1.70556825644754,5.92878116406332,3.73488189273972,2.27155183910714,2.15196837623075,3.4176074491584,2.50391995171871,3.40185464704827,2.5756538378187,2.84937257903429,3.15958449473967
"B73HTRHM",3.66049534060315,2.15882982173346,2.73853290743852,1.67148534163242,2.38774621734771,2.34692738741173,4.85220716497066,2.17813499322167,2.69598811565252,1.60072084622105,1.97474329228289,5.50849697493877,3.01560289980023,1.77864424384631,1.52811326586967,2.41535185671782,0.961450353980993,2.44818166222152,2.14757544829542,2.81794315944545,3.50088790132863
"B75",3.62420041012452,2.17396502840928,1.32454573842922,3.66588473928045,1.62082961974036,3.39985603456291,4.44237149600521,2.17868145015986,1.91335891871072,2.90431180700799,1.53726043101805,7.75955202661708,3.83191575163311,0.74672657677719,2.11165328214376,2.75023023014153,1.00709400661227,2.43668102430064,2.40380398810882,2.28579085110538,3.93045516152723
"B76",2.81783486704975,2.22903145772522,3.65531267320349,2.8525213472171,1.52701276529034,2.98300444113806,3.57150616518717,2.44492978106647,3.27977942994269,3.42380052494275,2.57549749161247,5.22118623891083,3.79690759561846,3.03417635697292,1.95639099422385,3.14842410980014,1.59372872382863,2.21656999706716,2.41388281754196,3.58862617165715,4.25265612035972
"B77",4.09806211227439,4.41289149613009,1.25720318007541,2.70153306431819,0.786258605282863,3.88772265172672,3.89405762131731,4.27017715278267,3.4137927496157,2.92969349470075,2.09122790711736,6.37258584418224,3.22643566400995,1.28009081805941,1.92092762738768,2.52695707520395,1.35322336502211,4.01795070743143,3.63691366783557,3.62309031029485,2.78489154563304
"B79",3.34616543752882,1.80469057044637,1.51051835391953,2.6613440995931,2.18583181114535,2.66018227309576,2.97630052223307,2.97407742174443,3.94636269312349,2.60006001368138,2.4828661855423,6.85749486605439,3.49686957953139,3.08892744732271,2.26976190513846,3.37850253302948,1.34134066587817,3.54569382324532,4.21934455154931,4.26422652799333,3.23423378265754
"B84",2.24679907230338,1.28225374010562,1.29883902994622,2.04735296715483,2.33920628797883,2.24877833214729,3.72770893681245,3.51321116312518,3.54602805008869,3.20113723334549,0.861383203926429,6.76465255623845,4.11421615784747,0.983345853985503,1.13030392694335,3.10931908251848,2.54897212256331,4.53900528912948,2.85375886594351,3.28595038283061,3.64897131177058
"B97",2.36227412735947,2.36779827710549,2.24111631894999,3.30597779555196,1.84986345199384,2.18058056707618,2.81548910061496,1.7470226972432,4.57894673745357,3.11637536420873,2.29151015033609,7.64382120760517,4.15620544747998,3.60416820825713,2.85427683629018,3.90338531903966,2.65265059703863,2.50018777618703,4.72163947692448,3.67940793920027,3.30659724623071
"C103",2.16053365647238,2.85352863206264,2.64578827571667,1.76307068824005,2.74091324953619,2.73501971517277,2.65874564797145,2.95170086172042,1.9139067497537,2.6772625516865,1.0550784349571,7.07109949904161,4.55058852934395,2.77636121940144,1.50367607709991,4.09981321088268,2.42112511733254,3.31442185802735,1.38589103108213,4.81679374935887,4.47619274989948
"C123",2.22243250435657,1.28847154547824,1.86067091042436,0.353518542989856,2.37786955560971,2.72469406706866,2.11583089371523,3.20005003209882,2.31709790278408,1.73661631168912,1.04524366435913,6.71292390532932,4.35283209356585,1.8147643763747,1.86600816354237,3.55863799002926,2.70636575361705,4.02627969367256,3.1297057145099,2.57146976604255,4.67754379541051
"CH701-30",2.00060770962947,1.60321965534446,1.3980747981013,4.5002820779296,0.95419797177639,2.7814186472315,4.02821514687248,2.44589082747114,3.23345410975231,3.50362839264685,2.54522757281007,7.46519320129547,4.84641573395362,2.42039925430609,3.39200260396896,4.39334671885289,3.19289045852671,4.73962102311204,2.75088375659477,2.85182190336837,3.44740358120843
"CH9",2.31122948619589,1.59861444476935,2.41573262730974,3.17629530611905,1.45637312011273,3.8392003108001,4.82373706345245,3.27288919526653,4.63640065167219,3.00081060294051,1.70183419621044,6.13672854574359,4.43594829629641,1.38267267132295,3.36861722448464,3.62745318075713,2.27529213020734,2.79421246481816,4.47230827949817,2.68387955025714,2.36946961512504
"CI.7",1.08704377850158,3.22223984212764,1.46056070704992,2.20944736242869,2.13316074491454,2.40937371440331,4.16654154538709,3.47108202449673,3.80089986223786,3.90746914184195,1.74686289195106,6.05155518814203,5.79792523364555,2.68159855537861,3.72078546974839,4.70551843519142,3.86311962745687,5.11869337177314,3.18096295452848,1.6309930770794,4.23978084618301
"CI187-2",3.33792559216325,2.7668939166701,3.2938178729655,4.48595432135004,1.51424136005806,1.93492372879074,2.82889749213733,1.13254675077166,3.64427733634368,3.58970428831466,2.11020507118167,4.91901397325459,3.59724671858961,3.17656031291801,2.57202086026905,3.47637449716582,2.84010048575374,2.21546469774877,2.92855938425641,3.4592845174871,4.35677692761464
"CI21E",1.81489155663524,1.9380655804841,2.23929377842931,3.4464941519892,3.05647412923862,1.89054019581618,3.37483604146398,1.89088020396118,3.55848547822445,2.18431001127906,2.32293091504511,5.51107960530951,4.39934625196182,3.12218185926974,2.77861192094524,4.30238604040321,3.76565638151717,4.64437700419106,3.75426911411621,4.09079117035841,3.72209981784636
"CI28A",1.57126509585047,2.59345102152645,3.93828724575058,2.82075025715737,3.13661665943189,3.46926014921346,2.34772149667872,3.04526078386878,1.31577703684743,2.26079514402305,2.86152579438223,5.83114519949449,5.17249678106616,2.54326373565508,1.94407474948596,4.52819799370331,3.61276228628712,3.59699874670697,1.74084559346384,1.92064113422083,4.74843275536913
"CI3A",3.15493513765977,1.08775207992534,0.812085578730515,1.98386614291398,0.925546365283713,2.5781882673251,4.63959259466965,2.55296560897072,1.3130252128607,1.89954869369521,1.69606234902316,0.001,3.70277255438523,3.99903558534008,2.02397123784768,2.53169931221036,0.757280867513361,3.24923714320005,0.589235344485184,2.15910474227362,2.25470652923168
"CI64",2.68031063211932,4.70249719885142,3.56781757809133,2.70648956338691,1.34994076768347,4.19448676860375,4.84786512305714,1.41021176330741,3.63219451928815,3.73169592344559,1.3353219579719,3.95041969837921,3.96562268641938,2.08690151927685,2.11252365467679,3.51568794723643,2.1049360873929,3.15788220611932,3.60242952157433,2.91766714942925,4.63144473463307
"CI90C",1.26522210056168,3.76468307106917,2.30010909078414,2.82239163652852,2.05340627011706,1.20416846103476,4.50400919582064,1.85453217224623,3.75640221911138,3.66423971950243,1.18705395827324,3.8982647520479,5.56273083591164,1.68155368945732,1.23362023308838,4.84124101255909,3.09694882870832,2.97520160920099,4.37152791326564,2.83372683697468,4.47462666720801
"CM37",0.922761942708334,3.92914985111158,3.88728960132656,4.12589865254615,1.99946277116093,3.66781488933817,5.88404452831802,2.88966170683225,4.473769060017,4.00907947682115,4.27081789871354,6.06242429768387,6.01177742964807,3.93879649912931,3.34568263037156,5.02227401242237,4.10942666600165,2.44342073738979,4.45408224929873,1.77965388097528,5.72914245302248
"CM7",2.21319650443468,2.447440455082,2.29466727633603,4.3108369837666,2.32309519859563,3.61494726587652,3.82579840051878,2.38700504285506,3.41574821062754,1.81476403340778,1.59745095148839,5.72794206008975,4.02706662662438,2.76793127720954,2.64078312379016,3.78367567381763,2.81656692242925,2.6356382638323,3.52967972624642,3.54039712332662,2.16963989987622
"CML10",2.30425836523573,1.74767416752111,2.72660756459,2.39255415512073,2.67284050967701,2.33268751741681,3.07344772676202,2.24328878705719,3.72603378367838,1.98634633044324,1.71703788895047,6.73644309566152,3.72282929714042,2.80708121149226,1.04412603230546,3.69355429751679,2.63545104849147,2.05058988682726,3.5514173056223,1.62096038353533,3.61952663427603
"CML103",2.17747677242184,3.28190892941529,2.6384902427084,2.80596550597593,1.96116860251367,3.15985165366595,4.48870731601636,3.92553617423369,3.9634455701687,2.51232258021346,3.33052240371658,7.87763883093396,4.197550206091,2.51804551417848,3.68072184383206,4.18123713876659,2.63326006141424,4.83472031472675,4.04363940492836,1.85338431481451,3.36229467013323
"CML108",1.82772390981759,4.11864247746671,3.45149352845492,3.5331041600234,2.37471405381506,4.10283430680088,5.85341721128847,5.15704219178496,3.04684742860328,2.47523659908811,2.67359730878621,6.70949269184367,3.83532579799758,2.18487761958122,2.2792036377119,5.2410347778084,4.24050222937064,4.60564487819726,2.28310362052258,1.86702280214057,5.05467434650257
"CML11",3.68804254376722,1.21716649874542,2.74191575078175,3.0383477761172,1.8696371198433,1.71303229763162,2.67002334771917,1.10354121225148,3.0945252948779,2.77658039891029,0.963220680019956,6.18446392071296,2.44666015043232,1.51767787964722,0.765242651469913,2.66940562796008,1.76215335963842,2.6513070123112,2.97914086149919,2.26702976930311,2.31367181537433
"CML14",1.53444267408118,2.20721227788914,3.07524984383891,3.46580019170722,3.17619391904928,3.16828831522611,4.03973466888845,3.32255209528428,3.97787270910623,4.04897350152342,2.22881705923309,8.02807721575187,4.90923040148847,1.67987745380865,3.20857348856661,4.13630493776665,3.56139238269836,5.29474138461271,4.67779595022081,2.74903531835643,4.81922608815136
"CML154Q",1.50189116692546,3.56241801914081,2.40369319808685,3.36827176226599,0.9171461194823,3.40134161249058,4.30845485187003,3.27293423054313,4.72181623031584,3.16492946714768,1.14888380548729,4.81242867968824,4.7669968081438,2.08902944639238,1.47762064628259,4.07924488328514,3.9155697619745,5.45452261504958,3.51904468242393,4.07704425662872,4.72264157980069
"CML157Q",2.98925973184213,2.17953478989914,1.15009817443937,2.96287305821324,2.23620553203315,3.13654253392337,3.26612414877008,1.80233434721177,4.15821417909211,2.74025704547223,1.14967343523388,6.05683204149081,3.58129219497503,2.04601967099241,2.4973873548157,2.79297193297241,2.17809599287139,2.95511607186402,4.26329004251204,0.001,4.35006458872524
"CML158Q",1.90849702985538,2.94586390277023,2.63994471443138,2.7215337411137,1.43059471406005,3.19636976430993,4.53307921884287,3.44561510360877,5.39285553219656,3.04854183390567,0.819750899617196,4.19789602612646,3.25764993125614,2.20808332053457,2.21225520111297,3.98986748567981,3.33241329944917,3.68120795586307,5.00877723760602,4.22619590136385,4.96611676675481
"CML220",3.03441220194862,3.03599517522466,3.23151071931223,1.81200560681483,1.45285619054674,2.3084446814648,1.55722799291388,2.96038391677014,3.93329069331196,0.143828123955407,3.0331983424325,9.38538400678789,4.45434649820504,2.76798232923801,3.72145692137672,3.19269032133386,2.46541584555677,3.10247514239135,3.84755809110983,2.38561026365432,3.93825555224389
"CML228",1.75722891482987,5.8582474913208,3.31507302863699,0.941664663125923,3.77894397848047,5.25734100177984,7.34513140692228,4.00577808934304,8.64851790180615,3.80495401696575,3.93534715155115,13.6382083223957,7.10542027929265,3.08097541779297,1.7705170962098,6.39771727608645,6.42116770157437,4.77832317537842,4.23664064755506,4.12307424423278,6.15628231170672
"CML238",2.60034177589537,1.99022099493993,2.57923771949797,2.48562020176951,1.30694042879655,3.70518290304745,3.79151746908905,3.2453885539363,4.79914636495968,3.17843915785653,0.596743005791792,6.1474413272796,4.19323018144477,0.812058357029668,1.06038863497898,3.17673228250986,2.12744282476767,4.0353408974985,4.42157865773854,2.72061431308187,2.76833104282754
"CML247",2.3805927696015,2.17011586469613,2.17184367059095,2.71723042066672,2.08271424131197,3.88658185317874,3.50354774350236,3.4043423254954,4.1536318378092,3.53213368205794,1.45904923187155,6.90256645597518,4.62863596028916,3.26030410355365,3.41253394552682,3.28502036174571,2.37418941377389,3.91233395278069,3.62911998787428,3.64194214104252,3.17913730893724
"CML254",1.59820833129141,2.90130610416354,2.46844654586097,3.38548651449317,3.15546216904659,4.03073251491334,5.07200537398291,3.35715932284282,2.21354703169046,3.77431755052012,2.49396969762178,5.18860073389198,4.33577007330207,1.62971548432744,2.25336319132818,4.57129720157235,3.07704168335055,4.70599900960945,1.1687518923782,2.5080242610161,3.04087033573199
"CML258",2.3145748398831,2.43115309363722,1.3824572510776,2.77769314308221,1.29365769279544,2.64843128222422,2.25829082217707,1.45409998944673,4.11370611902622,2.67451433370201,1.3506882560867,5.73871638791563,3.27999272249091,2.31222295184702,0.900679427240196,3.71263100723944,3.28458758735767,2.93195536920865,4.06407463639729,1.77345019202714,3.08280466033699
"CML261",1.81148933585722,2.05435061440635,1.03425033549786,3.45685045543279,1.38737106194956,3.36433534604122,4.19051933435794,2.58584205153674,3.36364361489732,3.12156783330072,2.57839283391952,7.75422343878614,3.73230389261232,3.01152094444944,2.54993159129497,4.0691259542173,3.04530501557917,3.49835563371074,3.26491794292133,3.37527717904969,2.58143031694604
"CML264",2.92964341132717,2.18540861365278,1.55835063954652,3.48045626545252,1.35426754320457,2.77563666081331,4.19350453980154,1.59590674490628,2.10044479164246,2.17003610572168,1.97251757530064,5.83139621540731,4.48819681670851,4.06470276119529,2.70629564913348,3.11220673169668,3.29028988995797,3.52973274151946,1.59833218411111,2.61284458931629,2.46453107520035
"CML277",2.95291852331718,2.03597040249266,1.95508050746604,1.01092199090824,1.32232862167369,2.69940067550991,1.90930226923733,1.5231910666989,3.08705985397033,2.141957344585,1.01931694092109,6.38047192998483,3.25783435056183,0.833011758427408,1.56993245968346,3.12937857660526,1.77060211120566,1.72023444549799,2.45302056863849,2.77801989631429,3.57159803689775
"CML281",2.32085571201682,2.86458141603085,1.86620888963682,3.13697686793698,3.24741766771163,2.2938434712219,4.40898223885385,2.93401083307866,3.72179070287679,2.29977014601834,2.63007108657071,6.12733609633325,3.96041504962498,1.12917076080556,1.9031740640357,3.59014847602841,2.57618387004204,3.82147797754325,3.12630386435311,2.09306991457762,2.22037028157151
"CML311",2.04855254998836,1.91431746930506,1.87585458525533,2.98448060396836,2.41279848699133,3.140007101829,3.67356940657125,3.54665051333363,4.45659474343892,3.22049522568672,3.03481634890941,6.97226465855279,4.38052956672072,3.69251142311221,2.76645789787462,3.68420042850948,0.868864941851331,4.82577509811856,4.03006208710073,0.699956452439445,2.38778373476084
"CML314",2.67720843426869,2.72172443897041,3.24801415007345,1.80910462213753,2.76125275952212,1.67509707526747,2.91053326373374,2.43487933538056,2.98654913270582,1.59596558792418,1.46816762449738,6.35174262531914,3.3914863893595,2.93995091804569,1.64511750927187,3.34099141767069,2.14987194416634,3.3892421128052,2.88398892065092,2.39476667052936,3.66428396471104
"CML321",1.62206113448673,3.51506124660274,3.0330094977949,3.13416958380186,1.10815155053135,3.03766444220094,4.5877026941995,2.83029373471556,3.51010987584725,3.14687011017459,2.99776861456047,7.0022274168222,4.65501421067335,2.04470250237715,2.38279085474812,3.90834571540629,3.96904469920198,3.58001022092534,3.79766321476747,1.88759113729168,3.36021302798045
"CML322",1.40548870192328,3.32442559354983,3.12668171913425,2.79681202649686,2.98397937766557,3.57572573417432,4.34418127172276,3.09718770004642,4.81527519742755,3.85733363465028,2.41154318577858,6.4963179445605,5.18736283336018,4.21404795661663,3.48620371635363,4.77354543833796,3.85927278435577,3.39084162030381,4.85556118391731,3.96845169878816,4.48255283893024
"CML323",1.33646872161523,2.44775829485363,0.599892965758218,2.39962487789813,2.20164957323669,3.65292222363546,5.155541727524,3.37487525091611,4.33574832380476,3.01733507449991,2.93182100168947,8.87280721081515,4.17194923313526,1.51625996229403,1.78884282438842,4.44305593351082,4.14061125926177,4.84284772573473,4.39136609068433,2.40342215261957,3.54364911341168
"CML328",1.6377133109998,3.66212140213984,3.26705826622122,0.770888613341347,3.22983421652759,0.682194181037475,1.60792840187979,1.61117867087078,4.0183489925554,3.20611543043481,2.79785546588039,7.16877069168208,4.31337641421491,1.83977545055612,3.19682540842566,3.60258320514532,3.41902096240562,2.4756072347423,3.79535908944551,2.83848478811562,3.57272830594114
"CML331",3.17350126234353,2.62535905713043,3.03256569050083,3.14952460425509,1.90034706829242,2.02001234861035,4.56787639241306,2.33644657071127,3.92093749152606,1.06571094081827,2.115313520709,6.76483859638417,3.91585221558526,2.17858892341283,3.08637470542984,3.29471247748499,2.66280788230211,3.12430382878484,3.70960417039328,2.94628241731352,4.13376674905122
"CML332",3.77534594793968,1.84080787250909,0.001,3.71230744278776,1.64205442755844,3.53011589939022,5.12800107291571,3.01257317553249,2.62436718637477,4.06248636675138,2.34811435859891,6.90353818715149,4.16044333723963,3.96395818854806,3.29067706212468,0.001,0.656129192749466,2.98758330290722,2.04600262946639,3.7778283161291,4.22154898702337
"CML333",1.13895264727705,3.40883813563269,3.14248716880101,3.19091510886374,2.99542229236868,4.08241570261281,5.11653904331987,3.87843801551051,4.99861173758615,2.84794737623452,3.93947342005401,7.40112694709719,5.73803047660455,4.86652469209276,4.06682554303624,4.68399352221262,3.78284560936793,4.52348266493638,4.40463604732511,3.77038352941289,4.57574115467252
"CML341",4.50212436278523,2.96156259535766,2.45116545718292,4.10911982595421,1.07529659162383,3.64857984151942,4.14747446107359,3.64349484842246,3.73738530025959,1.47578190408449,2.60271613156192,5.10599719876219,3.17900981826783,1.08423114180448,1.47480927606739,2.34769843461286,3.13397923221354,4.28679416571636,3.5921364541819,2.99911818729862,1.29559619461816
"CML38",1.71438191502236,1.92632433904409,2.44083615429661,3.20699450481538,2.77099590381442,3.12538384980216,3.97070560786786,3.47588742358241,1.98927918483148,2.64191996770445,2.12352081914994,7.20276072319152,4.94539434832947,3.21637334696626,2.78701441415339,4.20896050781839,3.46838359673241,5.63998589640082,2.88304201214,1.01518670113865,3.20746247691993
"CML45",2.16006303227254,1.61858130740414,1.64217249954129,2.20661062984632,2.11444792605872,1.08065499390457,2.7722149620188,1.3932544143435,4.11466538374468,3.06269728058776,2.46318985498352,7.0929891552402,4.19026313189932,2.9454527569289,1.34965988535718,4.26690790918614,2.75658276253592,2.75062638413202,4.17163671235711,2.9124366655495,3.52989153966049
"CML52",2.22733234389458,2.51212527632888,1.75926471328315,1.85802049782822,2.34599651678281,2.67505991797654,3.14512937728947,2.32167272190601,2.79406329117447,1.33772520112105,2.47570960510783,5.85271336317171,3.84253951345636,1.60495186301864,1.24337277740642,3.81063105568822,2.83670685534923,3.68906589787009,2.27109138540843,2.70024216511082,3.89965372074677
"CML61",3.53954296030964,2.78859813971637,1.36391905097388,2.94731216442522,0.552338763004269,4.11771772778438,4.78389661506866,3.47249789079698,3.84858684142743,3.2711853759892,3.06133237095842,6.66102487880378,2.79636922149547,3.7635058675951,2.8798813101975,2.40373162067554,3.14169360544636,3.73116515025122,3.04693982477802,2.66324719413671,2.0197205301081
"CML69",2.74389980525461,2.41022625680235,2.30812544910519,3.52000085100861,1.56772030947566,3.1063759034119,3.69000919889742,2.34532970205546,3.5117185681405,4.07526693689254,2.26848445342478,5.91279950709804,3.12646268877451,2.68492973513154,1.71908874023407,3.54948805302831,2.3025823692449,3.62883160003576,3.38229142662196,1.93221305559105,3.4285676690117
"CML77",3.02121119314305,1.77354340148028,2.28720191898442,2.1062481995292,0.998299807758401,2.89129952555569,2.60845840104211,3.22873202213716,2.31371947749815,0.904445650482143,2.39996441325882,5.65951769878484,3.004954426748,3.87474530233992,2.10275995680723,3.61215832043937,1.84016375952076,4.57027073047287,1.83215455676472,2.70562266908673,2.97679636779589
"CML91",3.43276421216804,2.25025093528863,1.46562562603027,2.33539719197608,1.46546642280954,1.83354948424871,2.40770191581092,2.03683928685139,3.93560106152147,2.28338207241831,1.04132424322131,6.22132194904581,2.96748398387864,2.09174550642999,1.11015338396832,3.22946077189219,1.97371870713399,2.34572538325231,3.84775401296641,0.705946373782383,3.51298910827921
"CML92",4.4579837347084,1.42392139893387,2.22234951539476,0.864739239787428,0.336589517681188,3.59120121947908,4.34910005362403,3.45633011624877,2.65342129893188,1.05598044255987,1.30681788246485,6.31672288192375,2.83835865848304,1.62262446317054,1.57162074709775,1.73551362503116,1.76912511643126,4.69620494606203,2.14397175158656,2.97205693435226,2.31635279177702
"CO125",0.861367709072444,3.1219312145586,2.56462051624461,5.23240661982952,2.67240092767211,4.61939584122969,5.83895992532416,3.19226521162863,2.17649460795293,4.94153944733071,3.38561392112526,5.19775319558719,4.79650273331246,2.12577203148837,3.9647104978452,4.87726921381697,3.9142292319789,2.24221405996438,2.3627075999447,4.67123571607474,3.10405883314081
"CO255",2.13006858326929,2.99880687143783,3.37416906350487,5.30496677175958,1.80225976134134,4.1845898627524,5.05760396129608,2.32986100197903,4.3078583572128,4.94856488178881,2.95367096063943,7.64277812009304,4.26538210317606,3.02976088584126,3.11230614666668,3.79845252289222,3.01880102265289,2.11932132561538,4.03062190654629,3.14041496188214,3.8712873627754
"DE_2",4.97580958086016,2.87846350862257,1.16293790546919,3.10195437276506,0.323809980490735,2.48503980838909,2.03170603596162,2.77884314139428,3.16067753503637,1.83294189915907,1.64588065923168,7.41375969234029,1.59639283148643,1.83665456858114,0.795513292960624,1.13701992245249,1.48072494710171,2.12493753253688,2.85707608167214,2.85532532687738,1.15698847809076
"DE_3",3.15346835890359,1.93460664073542,1.44559846107789,1.06435434637091,2.10691738459093,1.92217432774834,2.02716253337379,3.40389021747676,2.86666639180982,0.881100590818896,0.936698022003856,5.64900607590732,2.67373503176297,1.9490588456465,0.0501800696967006,3.00864135454034,1.56069880162994,3.70972278984448,2.98839011403638,3.10099607311494,4.55657794897577
"DE1",2.90841041617764,4.43693908546265,3.69717654973349,3.13744667023786,0.900582582276428,2.42480918707275,3.38075483172235,3.55290460979383,2.7231173743106,1.87858698616957,2.45813949422977,7.95898818661615,4.0419778198296,1.70317372769786,2.08787087717662,2.89266702708521,1.67494375703598,3.50732418953358,2.70897605912399,3.0126939333482,2.08420414013607
"E2558W",1.4791600180731,3.4322413110718,0.963045615437093,0.640156706703108,2.10508547353664,1.72431050195485,3.90250928339163,3.790255113606,3.20923402263313,1.17718252624243,1.96959279808296,6.00121758091926,1.08116607470253,1.79669102190658,1.61483653978243,4.28917379073957,3.6738766608801,3.45511725624527,3.60302990169639,2.17266539922358,3.12793876101411
"F2834T",1.36366687849776,3.07949480450091,2.65120327318195,2.08121705881922,1.69046839672949,4.04009038640645,4.9562488947368,4.8683497911689,5.37050772060291,3.19538872920364,1.52054922746426,5.64255128550431,4.33905391184279,3.08577626505276,3.16737829854524,4.87368702593292,3.99090679381705,5.73604922191428,5.90101716051632,4.16653963956589,3.53371521169271
"GA209",2.77157250820531,2.27867182143629,0.470763893791405,2.00380620581753,3.03380104227512,2.64959032973662,3.33962281088377,2.28595456095989,3.92224122864652,2.68510966044278,2.79089335203731,5.20487083825738,3.55612540110844,2.17905158570732,2.6387764019146,2.73785062864377,3.29131332606158,3.0352257665863,4.43889354666742,2.09055372078066,4.86949668692517
"GT112",2.5934059517502,3.68197351842633,2.00349182514878,3.22949449125181,1.60445417936233,2.60644782476144,3.61028553409373,1.32092384032407,3.99551004967634,4.03115986488728,0.830159415385491,5.88364476660787,3.10857757319403,3.67413453573695,1.14831030315478,3.56488773860368,2.6537102198452,0.25899691754528,3.03522492658013,2.62641621728322,3.93386063691464
"H105W",1.20420371211803,3.98526502392923,3.32641631246708,1.123426780684,2.86184957834698,3.16984284159903,4.52766685953894,3.78540616835317,3.60453453541483,2.16650244204192,1.30981005080112,6.34378958849013,4.1413532737913,2.93958471987125,1.59053327021981,4.59079700264383,3.70305319092461,2.66474175650705,3.16178180417456,2.45571756467803,5.1024928379586
"H49",3.00033116614341,3.03105665748975,1.71532638014932,3.64697041417332,0.797422946327683,4.00115770989402,5.78184801639254,3.47793278979333,4.07555906385825,4.09789154764735,0.682636662291117,4.25834547853807,3.78333778530733,2.84787008720885,1.51414455910958,2.60645853834803,2.17815914150128,3.21697312526375,4.65148922965141,3.14817805004028,3.39468000615712
"H91",2.49679072539101,1.58260207898871,1.25498636852838,4.25987735386251,0.881603350276409,4.30399705975099,4.61113317058419,3.39034441109015,3.25443677898354,4.33448934034285,1.20692564859121,6.3190163264508,3.64795417332357,1.86537312892139,1.37386333387396,3.52614786234324,3.0660576844699,4.07669560340143,3.02290203668672,2.75180624541598,2.75394752779578
"H95",1.19607367906576,3.73521893167954,3.86822888554928,2.74967305661409,2.65075716594143,2.41924706776288,3.98572113445424,2.96234401700362,4.87638692670213,2.8500856728222,2.12261287353561,5.97592255061289,4.93407445886005,2.73824817532857,2.49265115049053,4.85589724321016,3.59213288381587,3.32735053115483,5.66763652225888,4.45829857674035,4.73908215288369
"HI27",1.70759316093964,3.19666523987552,3.21533264934589,3.40903336094644,3.34574070037061,2.18816050247194,3.56106585806009,0.001,2.54078579452923,3.73105104301639,2.12875197403576,5.87467959064267,4.82571237834517,1.98803956625048,1.26370525405394,3.98860862370353,3.02043120910014,1.78209184766372,2.95261335699696,3.26741341502782,3.31442731836574
"HP301",0.180326645107718,4.44104800272919,3.92623453144968,4.55485417853536,3.66815080005192,2.91299254403599,4.60020045251799,2.71714917132482,5.27834436144686,5.28003854434076,2.69184679428359,7.23828034575918,5.75963269652862,1.77884414108948,4.12451936791885,5.44903269307252,4.68356838639403,4.39291402628452,5.6433270960306,2.95047002488217,4.75270331933415
"I137TN",4.55012410930076,1.21931146373493,0.109908857069007,3.78345991890717,3.03282964108727,3.17882961637341,3.47696540079707,1.44153812581852,3.69860935543414,3.22961747530212,2.43771517220039,5.47795879767758,3.22892092630222,1.72063046550847,2.21021457916703,2.46543513354764,0.001,2.51157577227544,3.87009291484909,3.62752618292165,3.18541037074472
"I29",0.224632776028157,4.06640488726794,3.20392057201169,5.13441182773097,4.41778380588473,4.07202225769838,3.98919836080864,2.29242401654779,3.80799973695647,3.26607425154972,3.53464741759564,8.89371684852512,6.21407420037344,3.58539766978624,3.54779327981206,5.58812097907341,4.54413934465223,2.85155443069588,3.9198213835156,3.50880965318334,4.76415367447891
"IA2132",0.001,5.23927615486124,3.33199371918883,3.02402297735415,5.30882808156159,3.80720709189223,6.42274160609861,5.66422567581263,5.63200467916228,4.10027837748495,3.95707155668441,9.07598007377532,4.90937280079264,4.10361500588048,3.73523662243576,5.60236654148544,5.33185988761816,6.86743293065634,6.35529001336623,3.79820905670954,4.93949040718567
"IDS91",0.761248947526238,3.07127473627473,2.04043055484842,4.97734218123101,4.05800040453526,3.60445956398213,4.17049576805148,2.31410813900138,5.6596202456549,5.37054391423706,1.97196094075617,6.49896125245599,5.66013936799654,2.72787415829346,4.03416098559305,5.38785642261336,4.9199338777068,4.18413750209347,5.69065667433942,2.46237570807846,3.9984257127476
"IL14H",1.25159066670668,3.95118923928437,4.34542014044314,4.07602938664396,3.35535095643365,5.11575127994916,5.9110817454483,5.63628809504259,4.04256193359183,3.29509164518218,3.01570703059187,7.32940233706227,5.34536544362264,2.5367132554346,3.7025302335479,4.71090463461222,3.65651432678435,6.35313102604707,4.43263069526244,3.23879103950963,5.35715794692216
"K148",2.42819724826407,2.74346203444412,2.9755878147425,3.26875709046854,3.18663153800228,2.78872935246747,4.25178233899705,1.78545113755237,3.76383917613239,3.35850249540925,1.52335204869874,6.52563693961306,4.47637066858234,2.30922739325531,3.58003486429152,3.71130202682966,2.44879624558637,1.54342854916124,3.49714595288051,2.12444555479535,2.98337440644942
"K4",1.1478739172653,3.08229863884225,3.39771331204025,2.32533219421209,1.70142720330122,2.59715814952095,4.60556935571357,2.65167866084714,2.68530335619229,2.64939650410552,0.422227566080519,5.30529098237379,4.7301691555061,0.001,1.63639535576369,4.77153098983818,3.69903706856372,2.31033044475288,3.1596806392001,3.08227561749641,5.08353669912105
"K55",1.5013577928323,2.12434652823814,2.477197249035,3.35609311115382,3.73804880847714,2.98617464831008,3.88353394916704,1.62211817583188,2.1966029987861,1.96886132254397,2.28185153968886,7.16565189678904,5.06105493449376,2.74368233049073,1.81643270148493,4.48220263583579,3.60749430456735,3.78158179072503,2.90787643708236,1.8443496102349,3.37065715432401
"K64",1.93202599810753,2.12917344446423,2.33524592024864,2.26044915887981,2.26851361467,2.18163911045571,2.33472548134198,2.92052921384281,3.37884808301584,1.61075452749577,0.314819177831832,7.05296007719445,4.32291100153709,2.39565364770667,1.42312036291983,4.40550211336513,2.49192766988544,3.87942311934981,2.83009490298415,3.15985920550497,3.60094298157243
"KI11",2.21817441738995,2.15084145438971,2.19830410936144,3.04435900512971,2.6509980582376,3.66302050405286,4.17369858431154,3.916176761437,3.10341368959919,2.56251518218272,2.61032374227689,6.69036064391145,3.83869664145832,1.89183431732177,2.96789879524338,3.79115874657352,2.87627541811487,4.65629880161156,3.051801940135,1.74375092981125,3.54509621449306
"KI2021",1.63029509704979,2.68571516180122,2.03422935405728,3.08777232749592,1.46159878280016,3.94906541186923,5.07905422694523,4.58447570690105,2.31608327898917,1.76052798250118,2.38369033392004,5.6692873241682,3.32981455396557,1.49007925298619,2.89191761042181,4.51573726593959,3.80639942194689,4.79622141044821,2.13920144921824,3.64974969450823,3.97932060954129
"KI3",2.8261892403831,2.3195018060651,1.79172722609652,2.936061757912,1.19340251617568,3.57064249850549,2.90888032695928,2.38737115969219,4.20673230086801,2.96862388237432,2.92052096888577,6.84079971270904,4.09794110703552,3.75987656032379,3.9664298675362,3.46247794167073,2.47358284395671,3.0652441698821,4.14057457851008,1.64379671563662,3.88586700429367
"KI43",3.77938285721985,1.71123049309711,2.77175415268009,5.50426856595589,1.52337452000852,5.70065357067091,5.08055114840683,3.64648392142172,4.30017454762943,4.56546464885898,2.98830181184088,5.70782769512349,2.92692573067132,2.04040601722887,2.12271670623115,2.03308431322773,2.94446932430581,4.5920718905278,3.66552476938571,1.89590467646375,3.41931530684979
"KI44",3.21309252315522,1.86716494850074,1.22296420289259,1.86442337860104,2.36805411993394,3.66309813928233,4.01998478150903,2.59421650579916,3.86952627340689,1.68399238561503,1.12030493085838,5.18599127020942,2.69937822763998,1.58321645259278,2.18546530165272,2.85950768309652,1.49691223071821,2.53417328935173,2.68521155388913,1.13754913932886,1.52520905301236
"KY21",2.64780488061705,2.07628831278856,1.86352630491856,2.43002441796393,1.75938111757683,2.71362783838623,2.90734983988471,3.20954884109963,5.10862534910827,2.35698391461304,0.741178109772387,5.39867932974858,3.30755019603401,4.35674983885844,1.9008639165938,4.25972360131247,2.16609210391276,3.29443983363621,5.73991215019363,3.82198000100573,5.5047848862727
"KY228",3.68386967586196,0.18705833092037,1.67000952356614,4.46148039646984,1.19106650523249,3.80421454712408,4.26713156143146,1.71053520416352,1.74928679401712,1.52547668116167,2.23400270828705,5.83803984272333,2.70119796750638,1.40730511340668,0.915388740495868,3.38679425632111,1.81628322196075,2.42415119215444,0.865187295319032,0.825996716539113,1.81312525944018
"L317",1.48626252162238,3.10987774852041,4.11068552264941,2.26967415702141,2.72826914283828,2.05769507846888,4.26468374295073,2.86849962836519,3.38792776916245,2.39219642018891,1.26301981078096,4.82136846173103,5.11385556182829,2.76253398536245,1.68105798445662,4.53199122927256,3.49632654043382,3.29671136006685,3.65984155092964,3.44343595424374,4.77887588806659
"L578",1.26995579563843,3.47472671929529,3.34257806839911,2.67993671623199,2.45104019476881,2.90752516738839,4.16072575266394,2.23592858497322,2.8116902933386,2.83127068931086,1.42236476659712,4.8663872402008,4.49104926181336,3.36054528874105,0.795837138719965,4.82771523035953,3.85078754688863,2.71668685479472,2.83833203784888,3.19192216655205,3.39274371868758
"M14",2.20247999921745,2.19097528671974,2.38667627194111,2.99933292804522,2.98219337307505,2.8980120220662,4.46126659883249,2.50398889900548,4.00409036047766,2.38325643683798,1.7754523835514,6.70325329582742,4.41454577516991,2.67720942235875,1.77158256770861,3.70560799366522,2.76671948490344,2.59558812069007,4.22173527019849,3.64497019928378,3.65758104438844
"M162W",3.69885160507709,2.87066381451801,1.39669973957599,1.69792891968637,1.5966825573282,1.84162289651535,3.08448474281999,1.80820445837951,3.75598513618435,2.19174238147551,1.2605831666989,4.56528506992293,2.43332623432619,3.23765993161758,0.945352185893502,3.10366115839746,2.20543023243164,2.02205922195567,3.09954518690296,4.85496684015484,4.1301640094563
"M37W",1.79131916702566,2.41054913365566,2.59656759840374,3.17809370573771,1.96176230570934,2.91043245928783,3.86874459808593,3.01769494916143,3.79623788694253,1.28016955001303,2.0773363700981,5.66605609882684,4.42999136040371,1.39052033598821,1.80750193122072,4.41155203525613,3.38442272565703,3.49581677643711,3.37070589798301,3.24870443584618,4.28978254202419
"MO18W",1.48665318363317,2.30756607934187,2.26740624501099,1.06612684973567,2.08288749505549,1.4940085297683,4.13938964580621,3.15563267603332,3.96678420113985,2.63883008684869,1.52821394498932,6.41475354309723,4.5307297089668,3.43357488022794,2.61100951716918,4.56768002073426,3.28929988001714,3.46084675160928,3.80399397461082,3.29688467553644,4.29245657979763
"MO24W",0.49532405017216,4.63808045713174,4.40677883478184,3.34479219917332,4.32427195252842,2.93565282235393,5.20922434845707,3.30264856515942,4.8469190316824,3.09200825884369,2.45586215521653,6.21079706043665,6.02514937904308,4.57729905810986,2.8650347677067,5.237294427491,4.85910486867998,4.11999785558726,4.59104745614283,3.71517769268234,6.07117453119662
"MO44",2.57621640285098,4.28654097073107,3.27869062011064,4.05807448852897,0.769918462123362,3.97993020315847,3.93804680713149,3.42140746511705,4.95160626970089,5.14699676603889,3.15319126949654,5.46579051326579,3.64852922454289,3.67464293237572,3.2749581178482,2.77472903053068,2.68260599238401,3.18129316649199,4.494561325255,4.14775106019498,3.00722738299435
"MO45",1.44734582216379,0.977752902702257,2.30106314475717,1.49623228697138,1.77100638175111,3.53489400046237,3.88478539107531,1.87442421762301,3.25358267627985,3.21496343889152,2.2218022879129,6.3682544690918,3.52794177800927,2.68051207311983,2.22557208866055,4.31733034785091,4.29305302548344,3.11548935057573,3.8420841613461,3.72609021322736,4.67533503141105
"MO46",3.38855299046123,1.5485890841586,1.03525411417128,3.13221026049632,2.08662218045327,2.54630251169501,3.35043651381703,0.878923079281779,2.57560234812231,2.69759376673777,2.67960096810726,7.25819848537946,3.62700573183844,2.3804105080775,1.86408276633078,2.84092554112631,1.40002436422257,3.13044737574036,3.18967034174481,1.26710527595281,4.27685588273817
"MS71",1.41050435109564,3.41255472589217,3.03485989278334,3.56247961526923,2.85585649891495,4.02480893951109,4.11889240911374,3.50084556014221,5.17067157949972,3.78990648346348,2.80146720884546,7.38750126964602,5.1021506580211,3.66328757791656,3.44926575898778,4.68518892953798,3.38463445339766,3.93635479215461,5.61721212240392,3.76493876388076,4.14908002619411
"N6",2.52567920752463,3.32673831050055,3.43963019803748,3.27741333819702,1.56409968062956,4.15631264116895,3.85291020975105,0.936391681451286,3.53455289528687,4.64764607921715,2.6489778667667,6.4593794967269,4.95424646076634,3.78539036702963,3.52465550357403,3.97430648072567,3.44601367324332,0.153127294019336,3.31232449836192,3.30201793863114,3.91773950690878
"N7A",2.53121688560944,1.41049090185799,2.18052521786709,3.10758541545472,2.25376196375638,2.15745644098992,2.75181120718447,2.59271736889078,2.4437762502671,1.53211463564411,1.17267200050374,6.93767462345663,3.89687551277083,2.43804987009238,1.3556804529973,3.31088180341444,2.37966067845338,3.54843184307498,2.67517100246175,3.24467137016394,4.53523735781251
"NC222",2.35474849814209,3.0658574915575,2.2757461000896,2.1813213269175,2.46256633368925,2.83866823867428,4.966772508582,2.24683282993293,4.75465539837062,3.08779495714544,2.75182712957469,5.45892114395199,4.14540727884918,2.9245647071494,2.74269960354555,4.60737162653567,2.45198047399981,2.55972452097084,5.30658549502626,2.92997079050463,4.61495648625333
"NC230",3.73340287289531,0.991694964028308,0.845675591541826,4.31083657579271,0.9190088818183,3.50057498108183,3.44331937318888,1.96981526748888,3.11951295850414,2.65391506184433,1.67576719104766,5.73181778304103,3.43321771471499,1.21779064302901,0.572939565542041,3.43275532768467,1.93213724997749,3.82213732858827,3.44568356121027,2.09080931412501,1.28900717307671
"NC236",1.20921193797801,3.6998294921001,3.97585822718387,1.92701309138225,3.45170749798762,2.63899853323272,2.54513816032471,2.50422306450885,4.3982529489869,1.79052392877308,1.65716534999084,9.32166883728327,5.27732075246007,2.64100398313299,2.09423757230366,4.47733203966249,3.70110397273199,2.81281130911312,4.45424677727526,3.87481991977639,5.90778190735497
"NC238",3.1958193082545,0.672095295810699,1.11189264535645,2.30500963643185,1.49909154247404,2.72393175678003,0.001,0.230098942382627,1.56987360101633,3.10620910599891,1.59128524213662,5.51234142939543,2.61919515718415,3.58667766493597,0.249314876351099,2.3451316936345,1.50090818630196,0.462382946706943,0.608453016594786,3.98307660561668,3.09522544346847
"NC258",2.80869887477033,2.98852272013869,2.36090577932317,2.59752369188567,0.464851199050538,2.93857329876942,4.04029411979339,2.41378670720768,2.68986488931054,3.25057431074101,1.3670370479898,5.48233523690502,3.08814433780327,2.23217149595633,2.02760127523239,3.07506975771437,2.08209200305932,2.41353463377543,2.27983007269768,2.04584714439286,2.95079158743685
"NC260",1.76125412439244,2.91706095197355,1.20420685788758,1.3849856108958,1.70705947614314,2.11443932773638,3.43834763145289,3.15056842957894,3.66785823165112,2.79885601437659,2.0852203659631,7.07982384186367,1.9894921477952,1.94629317857184,2.03671237158562,3.96380294780439,3.2161562625088,3.75728119720143,3.3056650596995,3.55172301429596,5.25592397044251
"NC262",1.90379638985369,3.84809624055566,3.02843786714904,1.94990468594908,1.87254836265763,1.89938935540485,3.37539330176416,4.43460713267807,2.8908420804828,1.43272262041437,2.81962518036526,8.46547767826991,4.35569059523707,3.40995549540281,1.93259789155378,3.00074970483559,2.93073564802421,4.92511490455378,3.61235155134279,2.13068103557833,4.77896287914174
"NC264",4.39514363842452,2.80850415683445,2.33476301756195,2.33266457214563,1.65313005666006,4.01284160071042,4.55586023722935,2.59585254471573,2.95124096334752,2.37365126957644,1.72047657839682,6.26176739767525,3.18211234515267,3.10368775603025,2.29974061951114,2.05397584223889,0.0701469467652026,3.11381902571992,3.18205311230463,2.08469213894472,1.2695484067174
"NC290A",3.83034697615159,1.44615911526347,1.10341546845018,2.11118733498639,1.29055963480708,2.11144415838713,3.49719987428555,2.124802385961,1.94045789530413,1.27466110346257,2.63901074223853,7.047111146559,2.50253207456606,3.09884356835109,0.88427901186404,2.33798952275427,0.748971696361333,1.79547209956078,1.86908382231597,1.92535685057004,4.03217875262418
"NC294",2.22235798885826,1.57460293157843,1.77406754448892,2.88681817756954,2.72413333204064,2.50958433702193,2.62378631605178,2.01156614209814,2.40932526509321,2.13746500678494,1.17856095046907,5.78756435592163,4.47849817821518,2.70751250966976,2.08187346674859,3.91409918986466,2.70673975309912,3.07609597553594,1.63580462786312,1.48217396395878,3.66465578696101
"NC296A",2.85133938821016,1.72061956634549,3.51775001591033,1.89105940553437,3.00531972225242,2.09105616369076,4.219556938675,3.47168900453334,3.32245934639977,3.35147556339107,2.36810564363857,6.33104986956767,2.90099395290565,0.570085258019288,2.42888090082098,2.99802023278979,1.91861106510367,3.07003159586047,3.0285115891938,2.49210887057642,4.82707045035676
"NC298",4.64407638706251,0.001,0.866945447946843,2.08446242417893,0.604649654886823,3.19628958540269,4.85142321926746,0.918613151898714,2.08363550647134,3.65734757531925,2.10367139436522,4.96760884062748,1.60009033560348,1.28629221301386,3.18177620939246,1.24807748786975,0.0721405257746649,2.52326204205668,2.12597129562972,2.61488631490238,1.19455576701078
"NC300",4.86521681576567,0.660796802283918,2.21275350812559,2.73928743773745,0.898413042947284,2.60794038116168,4.00739385820778,2.71248043264349,2.52499288935637,2.57175242856608,3.37141016618111,6.54444575645225,2.67998511643856,1.58206396627221,2.21289437648342,1.63226189963135,2.80354620957739,3.29835086604788,1.3270728621618,1.54514049993112,3.34735535011662
"NC302",2.78290670768483,1.21796634577247,3.5687310018447,1.29051542121724,1.04688621935129,2.2775857922682,2.99826018116877,2.32538146071829,3.54646960548456,2.72033411417148,2.14677606147818,5.3291577220032,3.83306137492456,2.39496586533696,2.00894236918684,3.19152077866263,2.54779975729225,3.04041515571095,3.41886408146058,2.92601153236959,2.4552559385217
"NC304",1.99482687570808,1.96428814528217,3.04895252937542,0.001,2.82625505405324,1.81034257461778,1.92548088599569,2.88564908850248,2.73126901635687,0.001,1.68020715889277,5.62474833483168,3.71868035077259,2.53114652134626,0.666161862950278,3.73912551506326,3.0660945094429,2.33037056449168,3.70432227734293,3.34164969548494,2.57295266346804
"NC306",3.16538691676459,3.05791197241381,2.43317217417314,5.00482922446876,0.888100684446337,4.01898569756238,4.80978116849442,3.44769362934928,3.21740120564755,2.35495669806647,3.02698491913281,4.61893584230197,3.98274539211237,2.08664212019063,2.59059868003219,2.95685295923815,2.58357653705014,3.5163958581136,2.82133082651799,3.75420276746582,3.58474386476326
"NC310",1.98754620795547,2.39329082195942,2.43002832045859,2.19367871113878,1.9414246305988,2.43326063345065,2.5091846422256,2.49499795334746,3.96630422603546,4.01128765483666,0.312944827759578,4.75492820786004,3.51362120496837,2.14624104573557,1.64042534249756,3.87296674708988,3.38125344924011,3.92278966865832,2.82922612542294,1.89060148476773,3.76879874377293
"NC314",2.95935940767885,1.7311691743846,0.602463486971179,2.99435025593664,2.16591545671416,3.09758255589771,5.10974723205971,2.18981916240157,4.67389353921886,3.70254716717132,2.58333657419441,5.21697535284292,4.42864683117952,1.5025714805004,3.47936185736757,2.99469578379961,3.18902401996972,2.49422854779567,2.90155383080998,3.48828057677579,2.51819191318973
"NC318",1.57849309918637,2.49749139900481,2.33440575981785,4.21423093335735,2.83643480908414,3.67942132983317,4.4935083267469,2.08880795161871,4.80937473854913,4.22453926237765,1.22320543887199,6.37939184210331,4.63818520085201,3.47077945196644,2.2093596104038,4.19166692390058,3.48930041808752,3.39653522866914,4.58622494201866,2.87723225481937,4.49034329104563
"NC320",2.71397594988133,1.66910565551479,0.933244780593202,3.34362458365542,1.09796195882208,2.8816338316,3.89218457312697,1.468617731064,4.56867124347058,2.62636006230043,1.67571120886637,6.61993518414291,3.68775970837343,3.05935777761427,1.56604076777997,3.6613784648378,2.92962859580952,3.09285240195138,4.71806573452626,3.41031336285128,3.20736962759207
"NC326",2.5879427891637,3.16623156894261,3.25636615443769,1.80910050080831,2.1793804759316,2.0036650209005,4.74470646449337,1.56825969156266,3.53037281319471,2.80232283712756,2.12135842200916,4.35603042861429,4.23675326370811,1.14024502101262,3.623371831807,3.46659604878916,4.43041952131545,2.90013531618148,1.82899156425486,2.03398072567726,2.49926224260975
"NC328",2.38021318922187,2.41890480063798,2.83971567050077,1.89439594021493,2.97318513510245,2.21339818205733,2.66412878231189,1.4691503920917,2.36410013974666,2.63964233825079,1.38156507412854,6.29923909430827,3.37666138068429,1.12345674844599,1.00075787717994,3.45304309778986,2.21710117965684,1.82851062393368,1.61383554281974,2.8899486878828,4.97046583665614
"NC340",1.76016972779863,3.16541882298171,2.45680990570868,1.26872045106072,3.01936559680175,2.30918882564323,4.83348369995562,3.60192807616423,4.98718551979211,2.59790033629645,2.40732247417305,7.13303562489032,4.79813574476021,2.63735477408541,2.44232868529384,4.20639266579409,3.45831695800169,4.20918655659425,4.64245828923123,1.6388791627315,3.19898761118208
"NC342",2.60084573597603,1.65633210923207,1.71895661068114,2.36617799476701,1.36553482181081,2.60445800632836,2.6394285022677,2.10689126949255,2.89756508658888,2.85880077075566,2.85534975143399,7.90640480054591,3.59710238680198,3.23020542532157,1.40041028117046,3.36296777260857,2.30577464631573,3.48618600299238,2.65202562878793,2.17306676569858,4.12970704087827
"NC344",1.27283052512579,2.25918494496437,1.72618029860662,2.09796494389997,2.39482891179998,1.50919202250646,3.44838112201813,3.02858142742406,2.62447946432578,2.13994177215875,1.03652320571474,7.08445769230764,5.22157429365381,2.99973272924991,1.67193900296479,5.44722047640818,3.07852212280175,4.73975910959928,3.11353268711739,2.68518008862002,4.56445369584302
"NC346",2.21051002462725,2.21578862810956,2.29422663842919,1.48135206924134,2.27510378766933,1.04134315477151,4.72354115599973,3.8101243180917,4.29328402658061,4.53232948949433,2.10204334501213,6.72510573120371,4.05115214016088,0.623798398970486,3.06068733760328,4.53162773912158,2.4025964807917,3.99293702620001,3.50136439271046,2.25022651314061,3.82108987998173
"NC348",2.72029604069838,1.93106674276794,2.43179239257636,2.0907484105796,0.346674130029616,3.68096233309803,5.58474165015449,2.49316706696203,3.42276678838669,4.24160939207374,3.39565324089618,5.3524508984483,4.75939579398326,1.91284384840132,3.81563114356914,3.13390056457356,2.5011974591731,3.09448249417735,3.60540979397562,2.12244551531771,3.34305147423686
"NC350",1.49001200187874,3.44425488288947,3.01723848577383,2.21636923250952,2.99860020356447,2.63268635769237,4.01411357036036,3.16792585514837,4.06637968547535,2.64380057343493,2.04801580354079,5.85057997196206,4.94665606003578,1.93329023954764,1.94467279782539,4.62516374462431,4.02002818076756,4.06518494644195,3.75067453413811,3.34308917383815,5.21241441174747
"NC352",2.75103760561888,1.86719690762297,1.37873473021435,1.00700278963062,1.39377428570504,1.25325677721905,4.12897253069756,3.73201345972254,1.89768775248674,2.52024546039512,1.3175215434037,2.10875209928368,2.97301310907794,1.82582046168155,3.01891795678265,3.45735453082527,1.81649872665909,3.37986458759809,1.95870658278526,3.68082830165704,3.65124327946542
"NC356",2.62171007550235,1.70835045919897,2.26332826860865,1.78634348762936,2.83430236349481,1.9747203259623,3.17457051859874,2.09137183591844,0.697629987379821,2.65815274025517,2.11334905269269,7.1612556680105,4.27093762734192,2.57392002807974,2.30401367806856,3.56232350599322,2.34011761318473,2.675478881783,1.14824413363192,2.25895064527906,3.37560293104879
"NC358",2.18702377022747,1.5268663146885,2.16605255562139,2.62586551859886,1.34466603278511,3.21347845148894,3.07209935213221,2.22122391469997,2.86637286818719,3.90021954443691,1.18690311665341,5.18522854309033,3.08341907896148,3.04165091973701,0.918287530136889,3.84163355922187,2.80614226663994,3.63273688648529,2.91213156674468,1.87245348772264,3.70637250568214
"NC360",1.65989539828568,2.45109919706178,2.45384328691532,2.50079827197886,3.57944552533399,2.34364856950956,2.76808951510981,1.72746690214921,3.26687178506512,3.26314899509041,2.24578173158633,6.03524844492899,4.23005644513552,2.95271684682806,1.28494328998057,4.21141940429097,3.38846862111756,3.45496415476214,3.11172422705973,1.9534321640536,5.8973163142943
"NC362",2.34517521754364,1.32303180988439,1.0783809420522,2.34199834457528,1.12587175159268,1.47784634277751,2.70687233572046,2.13438660384471,2.18481549169835,0.805729039674501,1.90902678586641,6.6134556672124,4.21010977189025,1.51091507446493,0.985701773187405,4.25370467134781,2.54258100428956,2.37311025862349,1.42516115161841,3.48326891063259,2.95205477979623
"NC364",4.78860900070226,1.25249319339628,1.33548124329845,3.16514027136522,0.93524012985289,2.62375227943618,4.04670991188137,1.3287598033884,1.44577687677258,1.86383286276626,1.6482826674516,4.10405131586501,2.29131278403102,1.50822261966766,1.44811223157895,1.59074184608031,2.80665487018243,2.09456256195193,1.33498294907334,2.81262897922329,3.65936520603383
"NC366",4.17038136431675,0.579510262777524,0.611740304338143,2.8580155599469,0.211359426295476,2.78942701116791,3.63904151659499,1.82453551715238,2.50962585475586,1.65673710002183,0.806856894959706,5.41528048024101,2.37557565101628,1.48523659651941,2.42344208537466,2.64611057525399,1.27168254987109,2.29839983424179,1.9583536830177,1.95063245952815,2.78375575137355
"NC368",3.74714509953069,1.46110878579019,3.2550537190784,2.38288795281488,1.22562260800073,2.95708075306921,2.73143432772796,2.43003948861074,3.55551742444243,2.96516268451541,2.40210205356079,6.01104440693668,3.21016924135682,2.26563628320371,2.24295792321384,2.48390839244842,1.30274562982076,2.76563749580808,3.02784555539802,3.86665650210977,2.36754600390915
"ND246",1.08792423794212,2.81998015640092,3.73340944569075,4.80206712737809,2.11658658410012,4.10418798064609,6.31713080216608,2.89802738986417,5.13160950784736,6.12106959349302,3.6718674147677,5.94678482216773,4.8038488301433,3.98920396404663,3.04177011766235,4.52646349298504,3.64454831073718,3.17900608618652,4.4822591417686,2.79372884777981,4.53461651667831
"OH43",1.68709780333598,3.62891151409009,3.0728037819462,3.52270424795059,2.6203049830008,1.3774260865545,3.79454119897369,3.41377784204515,2.62847186531468,2.5404948669263,2.41930073177264,7.52251795813688,4.70511651119963,2.55571466584497,2.90471260369078,4.52816094321536,3.53989476388079,3.81269844205226,3.29090541371926,4.06547535818949,3.86196756444759
"OH43E",2.25953141784327,3.88067598970855,2.76488268334663,4.05988830324919,1.80755477831191,2.52330814903039,4.47423032764637,3.04562606418148,4.06331388846689,2.59860865446009,1.53943209562271,6.83267369303861,4.03349517096939,2.1687704975175,2.43137419051068,3.64020753853803,2.7079467556963,2.36584382098895,3.84021526748313,3.52019732767724,3.7427111932725
"OH7B",1.86675465877602,2.39180523358584,2.6130877986573,1.98115595629691,2.26389368715812,2.35536044854443,2.6888031202215,2.6661759062559,4.49771298613827,2.8771177889742,0.366751409206633,6.20656667621757,3.85702599065274,2.97324931143587,0.439475144844709,4.2695047121277,2.89183225567833,2.20553328171822,4.52455458170729,2.90111217869898,3.27327617998508
"OS420",2.30282688329455,3.19512425102406,2.76259526388926,4.60312592234383,2.49759524485803,4.49152426755301,4.22699245456293,3.81077910783301,5.31676637303092,4.37032551460144,2.99559424945275,6.6236850518169,4.82967133053508,3.32427945103004,3.19009545191133,3.28597239383083,2.28045802036257,4.28599493205487,5.01856208557069,2.59810694195347,4.59132948477931
"PA762",2.4637019222738,2.96173133990538,2.79094001015919,3.28292928179239,0.827266562595266,0.869545010888063,4.38066878784782,1.92136178523913,4.67577273878844,2.78209307516487,0.917502307347339,6.44915127286206,3.91048603564576,2.95935710106268,1.70302065990031,3.47093608600875,2.68101923519743,2.06288139706945,4.33570648121596,3.81350538454048,3.20945839671844
"PA91",3.3620764573518,2.78366681939649,1.80079307369983,3.93444775986339,2.52539311188153,3.11298400852287,5.42850675605725,1.81806109120221,4.36990557965678,3.67883216480811,1.85083408578923,6.24935612999493,3.24326368639626,2.98889787180059,2.92690480781789,3.46405859642345,1.40818280267548,1.85539605528192,4.53003799102916,4.24933788990368,3.75255533075532
"R109B",2.99598965789987,2.34519192792424,1.68790576211094,2.40885739127397,1.04893844364313,3.05829742895759,4.4276612243436,2.49012727428734,3.79863025807098,0.47340504930378,2.20456985782426,4.91927227379706,4.08947884207363,2.6682455190278,1.7033267789553,2.92328696001689,1.61502034553802,3.19775280153327,3.71381701403022,1.342373115474,3.75969874498967
"R168",0.957143655608581,3.90350645976027,3.18322820296905,3.93397784886684,3.48251825255548,4.48122825522572,5.08214392702441,3.61619094595778,4.88908392801196,3.9838132783563,3.68595384730428,7.52681540754139,5.23144536948634,2.5129335701043,4.41556792257087,4.78828907300476,3.86891162126767,3.84510020565518,3.90840312233079,3.85486534691756,4.47964857164136
"SA24",1.22973703589361,2.05699394293731,3.91341420609525,2.24701537468453,2.29532547451291,1.44100054514738,3.80985964936848,2.5276589125868,3.79571167265311,2.76807085591307,1.17000702926073,6.84459050586567,4.23223309161388,3.62319333694088,2.82503458956338,4.63695704533229,4.08885356957191,3.58395950962621,4.18594298206866,2.88797717072318,4.91070384136792
"SC357",1.0085475838363,3.67957412686751,2.78705433576568,4.14271102219721,3.89493820395559,2.57623337326163,3.53572403357286,1.31372841164216,2.98316385576207,3.25142035891284,1.88730007027404,7.20457820262523,4.68988295017115,1.90950823621782,1.48511423888668,4.46996636909548,4.39170885249535,1.69301503059189,3.35742850926486,2.58900459837736,5.67055039457394
"SC55",3.13278442532055,1.45212115735633,0.224932418000098,2.15648952570853,1.75988836253974,2.57455312968645,2.98670767731482,2.2504887049118,3.24973264475881,3.23271931681831,0.799956328191786,5.62149809304066,0.001,0.596917599857545,1.08383896283797,2.78498784976057,2.81286582974484,1.46118319441967,2.25278835433057,4.00652580361403,2.12129060896227
"SD44",0.672165015131047,3.49118340787137,3.24731714741304,0.920036660085636,3.41093834877551,0.624539529012399,3.25373045993095,2.41464118383233,4.47896509731625,3.83820416913923,1.63794825255385,7.30076530700994,4.41842909067613,2.33018682788814,1.93530080969983,4.85431010408208,3.95736733052479,3.69159812857284,4.73815401821656,2.87375964205095,4.41165754494392
"SG1533",2.34496735852205,1.12287494293605,1.58763582868713,5.0529425615394,1.287032700075,4.08767085344706,3.90769646851649,1.47840483998958,3.78161757554963,5.58924721277134,2.39181058696832,6.69799928861588,3.92646082033709,2.45386074841523,3.29763097079624,3.23373258633998,2.156778205153,1.78393461457652,4.13511453480911,1.27027518857371,4.45383758815283
"T232",2.79928835170766,1.04044470278306,2.21529304756872,2.06524221103224,2.65428915538871,2.23555850100159,2.40387384539942,1.35005954257531,4.20845931934927,3.54020248302968,1.93038775827931,6.70237652602665,3.7369902926711,2.68618901296866,2.95691043428506,3.50888836317166,2.06996950027352,1.50488510201877,4.89391546197118,1.52802328621088,5.55715908976015
"T234",2.60977975203636,2.00080439377349,2.28680639990211,2.66266550055765,1.68102215366671,2.36050088192405,3.11916840076525,1.9402640911167,3.30870733275126,1.63271008040418,0.387626844858912,6.03048242063833,3.09267988994144,3.0305528603065,1.22634072706349,3.62766689586478,2.56750342463743,2.79420015522796,3.2092264218222,2.63598023410791,3.9951552172419
"TX303",2.44341261178856,2.98861199480668,2.31876378929033,2.39460297596929,2.21040272573447,1.95110581344301,3.21910833049279,2.92668504182956,3.16425673405411,2.09252635431682,0.840702081086413,10.2203895979082,3.95489557255807,2.65865401551235,1.81203698830389,3.87844312610706,2.92957941841432,3.0208621699272,2.94008673823576,2.45163307646833,3.50880433115237
"TX601",2.1300332864543,2.08107590616823,1.3405415222065,2.41891791725146,2.8196626710982,3.0353885472294,4.10587935638379,3.08201717868465,3.13756229182414,1.26334663791359,2.18076370866841,5.65266636446594,4.47243865448023,1.6536379539451,1.46041532353937,4.88867088968162,1.97705238292008,4.53468594352277,3.32273187132209,1.84072117815658,3.63288501807608
"TZI11",0.123185807883926,5.18709641593956,4.36667932636309,3.35220989498713,4.46088874138389,2.67456158537164,4.27206557363093,3.98646627027903,6.06902956119418,3.68420264296331,2.5995027977205,6.16999398414674,6.3374854253834,4.64598738397419,2.23007735524259,5.46779725631391,4.92607202747742,2.93510635856567,5.27578594919559,3.85701645396518,5.74953105081468
"TZI16",1.27010874850337,3.53449475430014,3.95524117546616,2.49505391523941,3.03909343600377,0.001,2.35616987882126,2.26553383216128,3.71165019929528,1.99490893878033,0.063048355077911,5.6538927793655,4.93775754631776,2.55045529338195,1.07020869921849,4.34576322775144,4.04444115102106,3.32743769742043,3.9345206286179,3.18668159581657,5.55406160959887
"TZI18",1.70620874141844,2.91475747529761,1.84254207415953,2.60816058481586,2.83961054840122,3.11212797676273,3.00503299402981,2.50880028955137,3.82947219261375,2.75038063008289,1.57367036996305,6.32225101653157,4.91238740541663,2.82508609184817,2.0708450866805,4.92715621395473,3.03333650590878,2.99875001115874,4.11691684053304,1.60975080841305,4.01456437124225
"TZI8",2.38543581107358,2.95273559899372,1.88981629899857,1.85567450312342,2.36330417866145,3.7196093237759,4.16380741859423,2.74287999275902,2.72697101093097,2.34907406128881,0.622432065429562,5.31412936523249,3.77392418757957,3.88980281221228,1.63406474181198,3.92976258006878,2.59887205817034,3.77526619218449,2.34697668098357,2.25615874423881,3.84182731299786
"TZI9",2.51741527090628,3.67071483098228,2.64767623435019,4.37409201810684,2.1804476408487,2.23504510869844,2.79029647373102,0.247921010379702,5.510622730251,3.53257767255606,2.88278969250222,7.93811317840253,4.06951062421678,1.60873247257542,1.47598701911919,3.2181675883816,3.58825088047459,1.60270135388558,5.36005964676219,2.94116146245382,3.47794774216153
"U267Y",2.49901638566943,2.28616696781856,2.89755352791407,2.74530631276679,1.32316826955328,3.97921736068951,3.48807017096743,3.01114898404308,5.04790446025286,2.50276392269353,1.34375561420821,5.52441396528404,4.46005611332056,2.95876199212855,1.46084940629426,4.10084293700533,1.80806362278338,2.74136218447553,4.84014436525267,4.42512599860369,3.79588571914085
"VA17",1.51314300717001,5.20279230155073,3.67096349387905,3.39987415352025,3.07818583550251,3.59923138826255,4.9260610509024,3.75664871530995,4.45273002669301,3.58841807879501,2.87673374873651,1.68498425059548,5.31637372038134,3.64820286570684,4.81370512113693,4.58018918388773,4.06514904549702,3.03105368616318,4.15169153789112,2.61789031401807,4.5424260256382
"VA22",2.00825927474524,2.54282557423428,2.16821310808093,3.72574997346464,2.12538774844757,4.39478334191442,3.9064959750991,1.94536782029247,2.91702153515109,4.31633990959742,3.09738581375732,6.81123429945734,3.99817325291708,3.49051686440826,2.55037550981508,4.36804505699339,2.47301347876978,2.88331845061346,2.84082146931074,3.53853129142322,1.18176502762069
"VA26",4.10549405276356,0.757509925288536,2.03955066785457,2.71772505971571,2.44412426840808,3.75660784114065,4.23331640385331,2.46064189874425,2.08337787790022,3.19239422521638,1.87785871290259,6.32532581741687,3.20093343142594,1.70799294600263,2.4603579025681,2.03328994756137,0.400255506051111,2.99292298066597,2.00900093642935,3.74720099027481,1.96196734560512
"VA59",3.29227896664693,2.44102404120633,2.81803132147193,4.71682099317506,1.06149981171304,4.75051285598775,3.6821320746175,2.17918558134056,4.4454783096119,3.11033008656228,3.5245936659743,6.4664644440055,3.50429926868235,3.46557648417007,3.07665163590553,2.84046408098183,1.39794879180798,2.0550217429258,4.14622153692584,3.96220075603055,3.47137055582352
"VA99",3.17480136169559,2.50146961700114,1.14700867141259,1.47241979584243,1.23791835587925,1.34834085996591,2.02681904915477,0.99243679278605,4.65714577619193,1.54204382497256,0.001,5.70823134448333,1.80858216658245,2.69679339412697,0.726376048869022,3.11385877802237,1.79981077381005,1.40927604307504,4.97061141414761,3.81637814829563,2.6507850600712
"VAW6",1.22390521768391,3.23848227121502,2.34296186692074,3.82871632331448,3.14907456427065,2.66463465744158,4.8900089324119,3.06362978367509,4.72907645772617,3.63856121734759,2.77691067235779,6.03862037125594,5.56405415754223,2.89246990119436,3.20704380754747,4.67825524046645,2.57017656509846,3.86412455304557,4.25334744238787,2.71090412298813,4.59939931595386
"W153R",1.75483402593293,3.40795680669903,2.90564802459076,3.10872545237548,2.49307851969055,2.07286428940778,3.76247080974117,2.25347657723704,3.63812837691676,2.30464250726723,3.02757027777108,6.6916823995405,4.40786780285152,2.76434789052459,4.2716490512898,4.2045771361168,2.97873549322675,2.63470364142522,3.3394202196274,3.84236883453111,4.13233642016044
"W22",1.75285152149109,3.10335137212206,4.02063205636393,3.0638601586938,2.19736498234854,2.92287854125933,3.90804015372503,3.5690811256281,2.5245539575078,3.210615397971,3.03868629707743,7.37631465802932,5.06984806768467,3.3226498922741,2.55634491730799,4.36499583600731,3.38789589794291,3.76846684584611,2.65414470316031,3.19247981463294,3.23704233903076
"W64A",2.37476179224037,2.03698502354689,3.13645507706169,2.79933933335457,2.84807577636631,2.98974185118121,4.14139247166591,3.1393522137686,2.55089063252443,4.00048035494814,3.39928349355985,6.54122227275495,4.7385096815095,3.43221256156076,3.78433111660412,3.58125190435258,2.5046036470422,4.23563276257214,2.27142746098981,2.4629737986858,4.35330348720403
"WD",0.531726832029923,4.14330920888819,4.53874240788457,5.01198533053189,3.8705449427024,4.68569650844605,5.36630126227977,4.33663002327881,4.88793275738138,3.17898840935036,2.86900434040418,8.2374655865785,5.98894759310428,3.32287279865259,3.76542039628782,5.14295466209574,4.79671117118888,4.39060127323535,5.6155370315233,2.55385400826621,3.77822153323387
"YU796_NS",3.30094629566068,1.23913736523301,1.12120143310872,1.7598708168247,1.89637676131784,2.31829721310282,2.79101769259499,1.80539857007252,3.82943773292439,2.26838303586687,1.68024761718097,6.04339951538923,3.22092202216626,1.47073381484807,1.05053845408006,2.86893089566091,1.37480943230587,3.03013655154564,4.33623247086858,2.45345609862707,2.06961678072088
"MO17",2.61530915027274,3.22764723063471,2.8261624238432,1.52024291923523,2.34285243087475,2.53340196474023,2.95050449509667,3.47758263269238,3.07130469041115,2.31108310655622,1.95444059887424,6.87515599990237,4.1935138419861,3.46848679792158,1.53104700743463,3.50669753266964,2.57771471012126,3.91023016669523,3.02871510533843,3.38599224656338,4.64131918216048
